id,rle_mask
575d24d81d,
a266a2a9df,5051 5151
75efad62c1,9 93 109 94 210 94 310 95 411 95 511 96 612 96 712 97 812 98 913 98 1015 97 1116 97 1216 98 1316 99 1416 8786
34e51dba6a,48 54 149 54 251 53 353 52 455 51 557 50 659 49 762 47 864 46 966 45 1068 44 1171 42 1273 41 1376 39 1478 38 1581 36 1683 35 1785 34 1888 32 1990 31 2092 30 2195 28 2297 27 2399 26 2501 25 2602 25 2704 24 2806 23 2907 23 3009 22 3110 22 3212 21 3313 21 3414 21 3516 20 3617 20 3718 20 3819 20 3921 19 4022 19 4123 19 4225 18 4326 18 4428 17 4529 17 4631 16 4733 15 4834 15 4936 14 5038 13 5140 12 5242 11 5344 8
4875705fb0,1111 1 1212 1 1313 1 1414 1 1514 2 1615 2 1716 2 1817 2 1918 2 2018 3 2119 3 2220 3 2321 3 2422 3 2523 3 2624 3 2725 3 2826 3 2927 3 3028 3 3129 3 3230 3 3331 3 3432 3 3533 3 3636 1 3737 1 3838 1 3938 2 4039 2 4140 2 4240 3 4341 3 4442 3 4542 4 4643 4 4744 4 4844 5 4945 5 5046 5 5146 6 5247 6 5347 7 5448 7 5549 7 5649 8 5750 8 5851 8 5952 8 6053 8 6154 8 6255 8 6355 9 6456 9 6557 9 6659 8 6760 8 6861 8 6962 8 7063 8 7164 8 7265 8 7367 7 7468 7 7569 7 7670 7 7772 6 7873 6 7974 6 8075 6 8177 5 8278 5 8379 5 8480 5 8582 4 8683 4 8784 4 8885 4 8986 4 9087 4 9188 4 9289 4 9389 5 9490 5 9591 5 9692 5 9792 6 9893 6 9993 7 10094 7 10194 8
782ae9b7e7,1 1815 1819 90 1920 81 2021 73 2122 64 2223 55 2324 46 2425 36 2526 25 2627 13 2728 1
aa94cfb806,1 28 102 28 203 29 304 30 405 32 506 33 607 34 708 35 809 35 910 36 1011 37 1112 37 1213 38 1314 39 1415 40 1516 41 1617 42 1718 43 1819 45 1920 46 2021 47 2122 48 2223 49 2324 50 2425 51 2526 52 2627 53 2728 54 2829 54 2930 55 3031 55 3132 56 3233 57 3334 57 3435 58 3536 58 3637 59 3738 59 3839 60 3940 61 4041 61 4142 62 4243 62 4344 63 4445 63 4546 63 4647 64 4748 65 4849 66 4950 67 5051 67 5152 68 5253 68 5354 69 5455 70 5556 71 5657 71 5758 72 5859 73 5960 74 6061 74 6162 74 6263 75 6364 76 6465 76 6566 76 6667 77 6768 77 6869 78 6970 79 7071 80 7172 81 7273 82 7374 83 7475 84 7576 85 7677 86 7778 87 7879 88 7980 89 8081 90 8182 91 8283 91 8384 92 8485 93 8586 94 8687 94 8788 95 8889 96 8990 96 9091 97 9192 97 9293 98 9394 99 9495 99 9596 99 9697 100 9798 404
50d3073821,1 2121 9293 909
28f865caaa,
b5e1371b3b,75 27 175 28 275 29 374 31 474 32 574 33 674 34 773 36 874 36 974 37 1074 38 1174 39 1274 40 1375 40 1475 41 1575 42 1676 42 1776 43 1876 44 1976 45 2077 45 2177 46 2277 47 2377 48 2478 48 2578 49 2678 50 2779 50 2879 51 2979 52 3079 53 3178 55 3278 56 3378 57 3477 59 3577 60 3676 62 3775 64 3875 65 3974 67 4073 69 4173 70 4272 72 4372 73 4471 75 4571 76 4670 78 4770 79 4870 80 4969 82 5069 83 5169 84 5269 85 5369 86 5469 87 5569 88 5669 89 5769 90 5869 91 5969 92 6069 93 6169 94 6269 95 6369 96 6469 97 6568 99 6668 3534